,mean_fit_time,std_fit_time,mean_score_time,std_score_time,param_learning_rate,param_n_estimators,params,split0_test_score,split1_test_score,split2_test_score,split3_test_score,split4_test_score,mean_test_score,std_test_score,rank_test_score,split0_train_score,split1_train_score,split2_train_score,split3_train_score,split4_train_score,mean_train_score,std_train_score
0,0.003391742706298828,0.0025703081170436117,0.00039882659912109374,0.0004884608551226126,0.1,1,"{'learning_rate': 0.1, 'n_estimators': 1}",0.6666666666666666,0.6666666666666666,0.6666666666666666,0.6666666666666666,0.6666666666666666,0.6666666666666666,0.0,82,0.6666666666666666,0.6666666666666666,0.6666666666666666,0.6666666666666666,0.6666666666666666,0.6666666666666666,0.0
1,0.014960384368896485,0.0006309772735904928,0.0013957023620605469,0.0004883248572323275,0.1,11,"{'learning_rate': 0.1, 'n_estimators': 11}",0.9666666666666667,0.9333333333333333,0.9,0.9,1.0,0.94,0.038873012632301994,58,0.925,0.9166666666666666,0.975,0.9333333333333333,0.9083333333333333,0.9316666666666666,0.023213980461973528
2,0.047272109985351564,0.022827586744872508,0.003591012954711914,0.0013527408325734026,0.1,21,"{'learning_rate': 0.1, 'n_estimators': 21}",0.9666666666666667,0.9333333333333333,0.9,0.9,1.0,0.94,0.038873012632301994,58,0.925,0.9166666666666666,0.975,0.9333333333333333,0.9083333333333333,0.9316666666666666,0.023213980461973528
3,0.045279502868652344,0.0018504811286990139,0.0055846691131591795,0.002720232731754164,0.1,31,"{'learning_rate': 0.1, 'n_estimators': 31}",0.9666666666666667,0.9333333333333333,0.9,0.9,1.0,0.94,0.038873012632301994,58,0.925,0.9166666666666666,0.975,0.9333333333333333,0.9083333333333333,0.9316666666666666,0.023213980461973528
4,0.07061152458190918,0.007230418932031908,0.006781721115112304,0.0011628920646884124,0.1,41,"{'learning_rate': 0.1, 'n_estimators': 41}",0.9666666666666667,0.9333333333333333,0.9,0.9,1.0,0.94,0.038873012632301994,58,0.925,0.9166666666666666,0.975,0.9333333333333333,0.9083333333333333,0.9316666666666666,0.023213980461973528
5,0.10252575874328614,0.026291825206863184,0.017153358459472655,0.008160629306085129,0.1,51,"{'learning_rate': 0.1, 'n_estimators': 51}",0.9666666666666667,0.9333333333333333,0.9,0.9,1.0,0.94,0.038873012632301994,58,0.925,0.9166666666666666,0.975,0.9333333333333333,0.9083333333333333,0.9316666666666666,0.023213980461973528
6,0.14900131225585939,0.020348125154247474,0.011770057678222656,0.0036981379310782403,0.1,61,"{'learning_rate': 0.1, 'n_estimators': 61}",0.9666666666666667,0.9333333333333333,0.9,0.9,1.0,0.94,0.038873012632301994,58,0.925,0.9166666666666666,0.975,0.9333333333333333,0.9083333333333333,0.9316666666666666,0.023213980461973528
7,0.17074522972106934,0.049074419953077514,0.026925277709960938,0.015745972076960994,0.1,71,"{'learning_rate': 0.1, 'n_estimators': 71}",0.9666666666666667,0.9333333333333333,0.9,0.9,1.0,0.94,0.038873012632301994,58,0.925,0.9166666666666666,0.975,0.9333333333333333,0.9083333333333333,0.9316666666666666,0.023213980461973528
8,0.23313612937927247,0.06647938274859369,0.01696786880493164,0.009087346733987953,0.1,81,"{'learning_rate': 0.1, 'n_estimators': 81}",0.9666666666666667,0.9333333333333333,0.9,0.9,1.0,0.94,0.038873012632301994,58,0.925,0.9166666666666666,0.975,0.9333333333333333,0.9083333333333333,0.9316666666666666,0.023213980461973528
9,0.24503374099731445,0.08478216190511481,0.018834972381591798,0.004795639506288671,0.1,91,"{'learning_rate': 0.1, 'n_estimators': 91}",0.9666666666666667,0.9333333333333333,0.9,0.9,1.0,0.94,0.038873012632301994,58,0.925,0.9166666666666666,0.975,0.9333333333333333,0.9083333333333333,0.9316666666666666,0.023213980461973528
10,0.00319366455078125,0.0013229166861724968,0.00019960403442382814,0.00039920806884765627,0.2,1,"{'learning_rate': 0.2, 'n_estimators': 1}",0.6666666666666666,0.6666666666666666,0.6666666666666666,0.6666666666666666,0.6666666666666666,0.6666666666666666,0.0,82,0.6666666666666666,0.6666666666666666,0.6666666666666666,0.6666666666666666,0.6666666666666666,0.6666666666666666,0.0
11,0.018950510025024413,0.008052317139571252,0.0019935131072998046,0.0006309806248515521,0.2,11,"{'learning_rate': 0.2, 'n_estimators': 11}",0.9666666666666667,0.9333333333333333,0.9,0.9,1.0,0.94,0.038873012632301994,58,0.925,0.9166666666666666,0.975,0.9333333333333333,0.9083333333333333,0.9316666666666666,0.023213980461973528
12,0.03510651588439941,0.0037533328416621296,0.0031914710998535156,0.0003991128723253547,0.2,21,"{'learning_rate': 0.2, 'n_estimators': 21}",0.9666666666666667,0.9666666666666667,0.9,0.9,1.0,0.9466666666666667,0.03999999999999999,14,0.925,0.925,0.975,0.9333333333333333,0.9083333333333333,0.9333333333333333,0.022360679774997883
13,0.04667515754699707,0.004820354278929265,0.006183242797851563,0.0034195873632733935,0.2,31,"{'learning_rate': 0.2, 'n_estimators': 31}",0.9666666666666667,0.9333333333333333,0.9,0.9,1.0,0.94,0.038873012632301994,58,0.925,0.9166666666666666,0.975,0.9333333333333333,0.9083333333333333,0.9316666666666666,0.023213980461973528
14,0.07200784683227539,0.007006656473560129,0.00678105354309082,0.00270552200829412,0.2,41,"{'learning_rate': 0.2, 'n_estimators': 41}",0.9666666666666667,0.9333333333333333,0.9,0.9,1.0,0.94,0.038873012632301994,58,0.925,0.9166666666666666,0.975,0.9333333333333333,0.9083333333333333,0.9316666666666666,0.023213980461973528
15,0.12007942199707031,0.03690211127108948,0.007381057739257813,0.0013554327223863423,0.2,51,"{'learning_rate': 0.2, 'n_estimators': 51}",0.9666666666666667,0.9666666666666667,0.9,0.9,1.0,0.9466666666666667,0.03999999999999999,14,0.925,0.9166666666666666,0.975,0.9333333333333333,0.9083333333333333,0.9316666666666666,0.023213980461973528
16,0.14042286872863768,0.03196516157591129,0.013960742950439453,0.006761267114691051,0.2,61,"{'learning_rate': 0.2, 'n_estimators': 61}",0.9666666666666667,0.9666666666666667,0.9,0.9,1.0,0.9466666666666667,0.03999999999999999,14,0.925,0.925,0.975,0.9333333333333333,0.9083333333333333,0.9333333333333333,0.022360679774997883
17,0.18251166343688965,0.057793582418466244,0.022938632965087892,0.005712384397309818,0.2,71,"{'learning_rate': 0.2, 'n_estimators': 71}",0.9666666666666667,0.9333333333333333,0.9,0.9,1.0,0.94,0.038873012632301994,58,0.925,0.9166666666666666,0.975,0.9333333333333333,0.9083333333333333,0.9316666666666666,0.023213980461973528
18,0.2112337112426758,0.039614504399747445,0.03393988609313965,0.011742601861301195,0.2,81,"{'learning_rate': 0.2, 'n_estimators': 81}",0.9666666666666667,0.9333333333333333,0.9,0.9333333333333333,1.0,0.9466666666666667,0.03399346342395189,14,0.925,0.9166666666666666,0.975,0.95,0.9083333333333333,0.9349999999999999,0.02438123139721298
19,0.24351091384887696,0.06716762311622863,0.024746131896972657,0.013425489115178284,0.2,91,"{'learning_rate': 0.2, 'n_estimators': 91}",0.9666666666666667,0.9333333333333333,0.9,0.9333333333333333,1.0,0.9466666666666667,0.03399346342395189,14,0.925,0.9166666666666666,0.975,0.95,0.9083333333333333,0.9349999999999999,0.02438123139721298
20,0.0057847023010253905,0.008589315792047327,0.0005983352661132812,0.000488538892953226,0.30000000000000004,1,"{'learning_rate': 0.30000000000000004, 'n_estimators': 1}",0.6666666666666666,0.6666666666666666,0.6666666666666666,0.6666666666666666,0.6666666666666666,0.6666666666666666,0.0,82,0.6666666666666666,0.6666666666666666,0.6666666666666666,0.6666666666666666,0.6666666666666666,0.6666666666666666,0.0
21,0.018151569366455077,0.005440503858235069,0.002792692184448242,0.0015958071707852775,0.30000000000000004,11,"{'learning_rate': 0.30000000000000004, 'n_estimators': 11}",0.9666666666666667,0.9333333333333333,0.9,0.9,1.0,0.94,0.038873012632301994,58,0.925,0.9166666666666666,0.975,0.9333333333333333,0.9083333333333333,0.9316666666666666,0.023213980461973528
22,0.03789887428283691,0.011749613775960049,0.0033905029296875,0.0004884609947696123,0.30000000000000004,21,"{'learning_rate': 0.30000000000000004, 'n_estimators': 21}",0.9666666666666667,0.9333333333333333,0.9,0.9,1.0,0.94,0.038873012632301994,58,0.925,0.9166666666666666,0.975,0.9333333333333333,0.9083333333333333,0.9316666666666666,0.023213980461973528
23,0.04747285842895508,0.0034313461778238724,0.005385780334472656,0.0007979155210141107,0.30000000000000004,31,"{'learning_rate': 0.30000000000000004, 'n_estimators': 31}",0.9666666666666667,0.9333333333333333,0.9,0.9,1.0,0.94,0.038873012632301994,58,0.925,0.9166666666666666,0.975,0.9333333333333333,0.9083333333333333,0.9316666666666666,0.023213980461973528
24,0.06622304916381835,0.0038683337903645003,0.007579660415649414,0.002720848061558699,0.30000000000000004,41,"{'learning_rate': 0.30000000000000004, 'n_estimators': 41}",0.9666666666666667,0.9333333333333333,0.9,0.9,1.0,0.94,0.038873012632301994,58,0.925,0.9166666666666666,0.975,0.9333333333333333,0.9083333333333333,0.9316666666666666,0.023213980461973528
25,0.09614324569702148,0.026375805297145536,0.01954793930053711,0.01433691785771873,0.30000000000000004,51,"{'learning_rate': 0.30000000000000004, 'n_estimators': 51}",0.9666666666666667,0.9666666666666667,0.9,0.9,1.0,0.9466666666666667,0.03999999999999999,14,0.925,0.9166666666666666,0.975,0.9333333333333333,0.9083333333333333,0.9316666666666666,0.023213980461973528
26,0.1517943859100342,0.03083232311112264,0.016956663131713866,0.010267328629566655,0.30000000000000004,61,"{'learning_rate': 0.30000000000000004, 'n_estimators': 61}",0.9666666666666667,0.9666666666666667,0.9,0.9,1.0,0.9466666666666667,0.03999999999999999,14,0.925,0.9166666666666666,0.975,0.9333333333333333,0.9083333333333333,0.9316666666666666,0.023213980461973528
27,0.18570342063903808,0.046358312374222777,0.024533987045288086,0.009944551793530144,0.30000000000000004,71,"{'learning_rate': 0.30000000000000004, 'n_estimators': 71}",0.9666666666666667,0.9666666666666667,0.9,0.9,1.0,0.9466666666666667,0.03999999999999999,14,0.925,0.9166666666666666,0.975,0.9333333333333333,0.9083333333333333,0.9316666666666666,0.023213980461973528
28,0.22556734085083008,0.04671336073669214,0.023886346817016603,0.013783613806775624,0.30000000000000004,81,"{'learning_rate': 0.30000000000000004, 'n_estimators': 81}",0.9666666666666667,0.9666666666666667,0.9,0.9333333333333333,1.0,0.9533333333333334,0.03399346342395189,1,0.925,0.925,0.975,0.95,0.9083333333333333,0.9366666666666668,0.023333333333333314
29,0.24444227218627929,0.05956416255526877,0.0345522403717041,0.01498471263493686,0.30000000000000004,91,"{'learning_rate': 0.30000000000000004, 'n_estimators': 91}",0.9666666666666667,0.9333333333333333,0.9,0.9333333333333333,1.0,0.9466666666666667,0.03399346342395189,14,0.925,0.9166666666666666,0.975,0.95,0.9083333333333333,0.9349999999999999,0.02438123139721298
30,0.0015960216522216796,0.0004887529326376445,0.0005983352661132812,0.0004885388464116528,0.4,1,"{'learning_rate': 0.4, 'n_estimators': 1}",0.6666666666666666,0.6666666666666666,0.6666666666666666,0.6666666666666666,0.6666666666666666,0.6666666666666666,0.0,82,0.6666666666666666,0.6666666666666666,0.6666666666666666,0.6666666666666666,0.6666666666666666,0.6666666666666666,0.0
31,0.02134556770324707,0.005372319623039927,0.0015932559967041016,0.00048652231999926334,0.4,11,"{'learning_rate': 0.4, 'n_estimators': 11}",0.9666666666666667,0.9333333333333333,0.9,0.9,1.0,0.94,0.038873012632301994,58,0.925,0.9166666666666666,0.975,0.9333333333333333,0.9083333333333333,0.9316666666666666,0.023213980461973528
32,0.036304569244384764,0.004990575874418673,0.0031899929046630858,0.00039950521257613484,0.4,21,"{'learning_rate': 0.4, 'n_estimators': 21}",0.9666666666666667,0.9666666666666667,0.9,0.9333333333333333,1.0,0.9533333333333334,0.03399346342395189,1,0.925,0.925,0.975,0.95,0.9083333333333333,0.9366666666666668,0.023333333333333314
33,0.04587736129760742,0.0022745815432788645,0.004787349700927734,0.0007465824569513974,0.4,31,"{'learning_rate': 0.4, 'n_estimators': 31}",0.9666666666666667,0.9333333333333333,0.9,0.9333333333333333,1.0,0.9466666666666667,0.03399346342395189,14,0.925,0.9166666666666666,0.975,0.95,0.9083333333333333,0.9349999999999999,0.02438123139721298
34,0.06801786422729492,0.004058899406745827,0.006582021713256836,0.0013524727848012615,0.4,41,"{'learning_rate': 0.4, 'n_estimators': 41}",0.9666666666666667,0.9333333333333333,0.9,0.9333333333333333,1.0,0.9466666666666667,0.03399346342395189,14,0.925,0.9166666666666666,0.975,0.95,0.9083333333333333,0.9349999999999999,0.02438123139721298
35,0.10272459983825684,0.022663609505035015,0.00877838134765625,0.0026341419864586084,0.4,51,"{'learning_rate': 0.4, 'n_estimators': 51}",0.9666666666666667,0.9333333333333333,0.9,0.9,1.0,0.94,0.038873012632301994,58,0.925,0.9166666666666666,0.975,0.9333333333333333,0.9083333333333333,0.9316666666666666,0.023213980461973528
36,0.14261560440063475,0.026409046005987424,0.019747257232666016,0.009759114216611343,0.4,61,"{'learning_rate': 0.4, 'n_estimators': 61}",0.9666666666666667,0.9666666666666667,0.9,0.9,1.0,0.9466666666666667,0.03999999999999999,14,0.925,0.925,0.975,0.9333333333333333,0.9083333333333333,0.9333333333333333,0.022360679774997883
37,0.20066289901733397,0.055161011187881664,0.016158103942871094,0.009451876058545392,0.4,71,"{'learning_rate': 0.4, 'n_estimators': 71}",0.9666666666666667,0.9666666666666667,0.9,0.9,1.0,0.9466666666666667,0.03999999999999999,14,0.925,0.925,0.975,0.9333333333333333,0.9083333333333333,0.9333333333333333,0.022360679774997883
38,0.21756625175476074,0.054888313939546,0.015375232696533203,0.005541275439197234,0.4,81,"{'learning_rate': 0.4, 'n_estimators': 81}",0.9666666666666667,0.9333333333333333,0.9,0.9333333333333333,1.0,0.9466666666666667,0.03399346342395189,14,0.925,0.9166666666666666,0.975,0.95,0.9083333333333333,0.9349999999999999,0.02438123139721298
39,0.2688162803649902,0.08829796446196206,0.02064504623413086,0.00487486966404164,0.4,91,"{'learning_rate': 0.4, 'n_estimators': 91}",0.9666666666666667,0.9333333333333333,0.9,0.9333333333333333,1.0,0.9466666666666667,0.03399346342395189,14,0.925,0.9166666666666666,0.975,0.95,0.9083333333333333,0.9349999999999999,0.02438123139721298
40,0.0015955924987792968,0.0004886945031838398,0.0003991127014160156,0.0004888113271977794,0.5,1,"{'learning_rate': 0.5, 'n_estimators': 1}",0.6666666666666666,0.6666666666666666,0.6666666666666666,0.6666666666666666,0.6666666666666666,0.6666666666666666,0.0,82,0.6666666666666666,0.6666666666666666,0.6666666666666666,0.6666666666666666,0.6666666666666666,0.6666666666666666,0.0
41,0.01655583381652832,0.0013534009294801622,0.0015956401824951173,0.0004887338632302708,0.5,11,"{'learning_rate': 0.5, 'n_estimators': 11}",0.9666666666666667,0.9333333333333333,0.9,0.9333333333333333,1.0,0.9466666666666667,0.03399346342395189,14,0.925,0.9166666666666666,0.975,0.9583333333333334,0.9416666666666667,0.9433333333333334,0.021343747458109495
42,0.03311200141906738,0.005691124579204314,0.0033907413482666014,0.0004886555540883141,0.5,21,"{'learning_rate': 0.5, 'n_estimators': 21}",0.9666666666666667,0.9666666666666667,0.9,0.9333333333333333,1.0,0.9533333333333334,0.03399346342395189,1,0.925,0.925,0.975,0.95,0.9083333333333333,0.9366666666666668,0.023333333333333314
43,0.05066447257995606,0.01325094376906936,0.004188394546508789,0.0003995420398113051,0.5,31,"{'learning_rate': 0.5, 'n_estimators': 31}",0.9666666666666667,0.9666666666666667,0.9,0.9333333333333333,1.0,0.9533333333333334,0.03399346342395189,1,0.925,0.925,0.975,0.95,0.9083333333333333,0.9366666666666668,0.023333333333333314
44,0.06023902893066406,0.0019543543744926107,0.00578460693359375,0.0007465059037147261,0.5,41,"{'learning_rate': 0.5, 'n_estimators': 41}",0.9666666666666667,0.9333333333333333,0.9,0.9333333333333333,1.0,0.9466666666666667,0.03399346342395189,14,0.925,0.9166666666666666,0.975,0.95,0.9083333333333333,0.9349999999999999,0.02438123139721298
45,0.07599658966064453,0.0023090061658130557,0.007380008697509766,0.0004886167601041883,0.5,51,"{'learning_rate': 0.5, 'n_estimators': 51}",0.9666666666666667,0.9666666666666667,0.9,0.9,1.0,0.9466666666666667,0.03999999999999999,14,0.925,0.9166666666666666,0.975,0.9333333333333333,0.9416666666666667,0.9383333333333332,0.020138409955990946
46,0.11229963302612304,0.022270824720319275,0.008776330947875976,0.0007462637811702073,0.5,61,"{'learning_rate': 0.5, 'n_estimators': 61}",0.9666666666666667,0.9666666666666667,0.9,0.9,1.0,0.9466666666666667,0.03999999999999999,14,0.925,0.9166666666666666,0.975,0.9333333333333333,0.9416666666666667,0.9383333333333332,0.020138409955990946
47,0.10731296539306641,0.004828447063234365,0.010972023010253906,0.0015445588708601918,0.5,71,"{'learning_rate': 0.5, 'n_estimators': 71}",0.9666666666666667,0.9666666666666667,0.9,0.9,1.0,0.9466666666666667,0.03999999999999999,14,0.925,0.925,0.975,0.9333333333333333,0.9083333333333333,0.9333333333333333,0.022360679774997883
48,0.12765951156616212,0.006994755831525096,0.014161300659179688,0.0029862443759582015,0.5,81,"{'learning_rate': 0.5, 'n_estimators': 81}",0.9666666666666667,0.9666666666666667,0.9,0.9333333333333333,1.0,0.9533333333333334,0.03399346342395189,1,0.925,0.925,0.975,0.95,0.9083333333333333,0.9366666666666668,0.023333333333333314
49,0.2014610767364502,0.029125090604967603,0.024335384368896484,0.008477062789609736,0.5,91,"{'learning_rate': 0.5, 'n_estimators': 91}",0.9666666666666667,0.9666666666666667,0.9,0.9333333333333333,1.0,0.9533333333333334,0.03399346342395189,1,0.925,0.925,0.975,0.95,0.9083333333333333,0.9366666666666668,0.023333333333333314
50,0.003989791870117188,0.0015436802633445271,0.0013956546783447266,0.0018440967890166232,0.6,1,"{'learning_rate': 0.6, 'n_estimators': 1}",0.6666666666666666,0.6666666666666666,0.6666666666666666,0.6666666666666666,0.6666666666666666,0.6666666666666666,0.0,82,0.6666666666666666,0.6666666666666666,0.6666666666666666,0.6666666666666666,0.6666666666666666,0.6666666666666666,0.0
51,0.03869638442993164,0.018577309042443667,0.002194118499755859,0.000399136667887882,0.6,11,"{'learning_rate': 0.6, 'n_estimators': 11}",0.9666666666666667,0.9333333333333333,0.9,0.9333333333333333,1.0,0.9466666666666667,0.03399346342395189,14,0.925,0.9166666666666666,0.975,0.9583333333333334,0.9416666666666667,0.9433333333333334,0.021343747458109495
52,0.029321718215942382,0.0010166348300075948,0.0031916141510009766,0.000398922394030235,0.6,21,"{'learning_rate': 0.6, 'n_estimators': 21}",0.9666666666666667,0.9333333333333333,0.9,0.9333333333333333,1.0,0.9466666666666667,0.03399346342395189,14,0.925,0.9166666666666666,0.975,0.95,0.9083333333333333,0.9349999999999999,0.02438123139721298
53,0.05046525001525879,0.007792300697547624,0.006981468200683594,0.005499097134563065,0.6,31,"{'learning_rate': 0.6, 'n_estimators': 31}",0.9666666666666667,0.9333333333333333,0.9,0.9333333333333333,1.0,0.9466666666666667,0.03399346342395189,14,0.925,0.9166666666666666,0.975,0.95,0.9083333333333333,0.9349999999999999,0.02438123139721298
54,0.059041929244995114,0.0018282670318257258,0.005983972549438476,0.0008921767554244796,0.6,41,"{'learning_rate': 0.6, 'n_estimators': 41}",0.9666666666666667,0.9333333333333333,0.9,0.9333333333333333,1.0,0.9466666666666667,0.03399346342395189,14,0.925,0.9166666666666666,0.975,0.95,0.9083333333333333,0.9349999999999999,0.02438123139721298
55,0.07858953475952149,0.006225346788626422,0.007978343963623047,0.0010924928466947267,0.6,51,"{'learning_rate': 0.6, 'n_estimators': 51}",0.9666666666666667,0.9333333333333333,0.9,0.9333333333333333,1.0,0.9466666666666667,0.03399346342395189,14,0.925,0.9166666666666666,0.975,0.95,0.9416666666666667,0.9416666666666667,0.020412414523193142
56,0.11169958114624023,0.023416661791912017,0.01196756362915039,0.0030244253779452687,0.6,61,"{'learning_rate': 0.6, 'n_estimators': 61}",0.9666666666666667,0.9333333333333333,0.9,0.9333333333333333,1.0,0.9466666666666667,0.03399346342395189,14,0.925,0.9166666666666666,0.975,0.9583333333333334,0.9416666666666667,0.9433333333333334,0.021343747458109495
57,0.10731344223022461,0.003710301575221163,0.01136937141418457,0.0010170649718054287,0.6,71,"{'learning_rate': 0.6, 'n_estimators': 71}",0.9666666666666667,0.9333333333333333,0.9,0.9333333333333333,1.0,0.9466666666666667,0.03399346342395189,14,0.925,0.9166666666666666,0.975,0.9583333333333334,0.9416666666666667,0.9433333333333334,0.021343747458109495
58,0.12725934982299805,0.0058015559803626495,0.011968278884887695,0.0006302988352341521,0.6,81,"{'learning_rate': 0.6, 'n_estimators': 81}",0.9666666666666667,0.9333333333333333,0.9,0.9,1.0,0.94,0.038873012632301994,58,0.925,0.9166666666666666,0.975,0.9333333333333333,0.9083333333333333,0.9316666666666666,0.023213980461973528
59,0.21701970100402831,0.05756145671806997,0.02573080062866211,0.010599810415339046,0.6,91,"{'learning_rate': 0.6, 'n_estimators': 91}",0.9666666666666667,0.9333333333333333,0.9,0.9,1.0,0.94,0.038873012632301994,58,0.925,0.9166666666666666,0.975,0.9333333333333333,0.9083333333333333,0.9316666666666666,0.023213980461973528
60,0.006978034973144531,0.009486954466331915,0.00099639892578125,0.0010904910874522547,0.7000000000000001,1,"{'learning_rate': 0.7000000000000001, 'n_estimators': 1}",0.6666666666666666,0.6666666666666666,0.6666666666666666,0.6666666666666666,0.6666666666666666,0.6666666666666666,0.0,82,0.6666666666666666,0.6666666666666666,0.6666666666666666,0.6666666666666666,0.6666666666666666,0.6666666666666666,0.0
61,0.023735952377319337,0.01113063637670656,0.014960765838623047,0.02181382119320627,0.7000000000000001,11,"{'learning_rate': 0.7000000000000001, 'n_estimators': 11}",0.9666666666666667,0.9333333333333333,0.9,0.9333333333333333,1.0,0.9466666666666667,0.03399346342395189,14,0.925,0.9166666666666666,0.975,0.9583333333333334,0.9416666666666667,0.9433333333333334,0.021343747458109495
62,0.029720354080200195,0.0011641023345851428,0.003390979766845703,0.0004890458353196417,0.7000000000000001,21,"{'learning_rate': 0.7000000000000001, 'n_estimators': 21}",0.9666666666666667,0.9333333333333333,0.9,0.9333333333333333,1.0,0.9466666666666667,0.03399346342395189,14,0.925,0.9166666666666666,0.975,0.9583333333333334,0.9083333333333333,0.9366666666666668,0.02560381915956203
63,0.05545153617858887,0.023648422968466334,0.005187797546386719,0.0019329722591404552,0.7000000000000001,31,"{'learning_rate': 0.7000000000000001, 'n_estimators': 31}",0.9666666666666667,0.9333333333333333,0.9,0.9333333333333333,1.0,0.9466666666666667,0.03399346342395189,14,0.925,0.9166666666666666,0.975,0.95,0.9083333333333333,0.9349999999999999,0.02438123139721298
64,0.05964040756225586,0.0011629493362607418,0.006781911849975586,0.0017155234437225065,0.7000000000000001,41,"{'learning_rate': 0.7000000000000001, 'n_estimators': 41}",0.9666666666666667,0.9333333333333333,0.9,0.9333333333333333,1.0,0.9466666666666667,0.03399346342395189,14,0.925,0.9166666666666666,0.975,0.95,0.9083333333333333,0.9349999999999999,0.02438123139721298
65,0.07918791770935059,0.006633389807453667,0.007579946517944336,0.0004884414251808379,0.7000000000000001,51,"{'learning_rate': 0.7000000000000001, 'n_estimators': 51}",0.9666666666666667,0.9333333333333333,0.9,0.9333333333333333,1.0,0.9466666666666667,0.03399346342395189,14,0.925,0.9166666666666666,0.975,0.95,0.9083333333333333,0.9349999999999999,0.02438123139721298
66,0.11728572845458984,0.025061578489575322,0.010572242736816406,0.0032532535043291668,0.7000000000000001,61,"{'learning_rate': 0.7000000000000001, 'n_estimators': 61}",0.9666666666666667,0.9333333333333333,0.9,0.9333333333333333,1.0,0.9466666666666667,0.03399346342395189,14,0.925,0.9166666666666666,0.975,0.95,0.95,0.9433333333333334,0.020682789409984755
67,0.10651574134826661,0.00456570396372008,0.011169767379760743,0.001716083322796902,0.7000000000000001,71,"{'learning_rate': 0.7000000000000001, 'n_estimators': 71}",0.9666666666666667,0.9666666666666667,0.9,0.9333333333333333,1.0,0.9533333333333334,0.03399346342395189,1,0.925,0.9583333333333334,0.975,0.9666666666666667,0.95,0.9550000000000001,0.01715938356831165
68,0.13364253044128419,0.014738585275296314,0.011968469619750977,0.000892336508293829,0.7000000000000001,81,"{'learning_rate': 0.7000000000000001, 'n_estimators': 81}",0.9666666666666667,0.9666666666666667,0.9,0.9333333333333333,1.0,0.9533333333333334,0.03399346342395189,1,0.925,0.9583333333333334,0.975,0.9583333333333334,0.95,0.9533333333333334,0.01632993161855451
69,0.23118338584899903,0.07133232627656792,0.028721332550048828,0.01627994054384997,0.7000000000000001,91,"{'learning_rate': 0.7000000000000001, 'n_estimators': 91}",0.9666666666666667,0.9333333333333333,0.9,0.9333333333333333,1.0,0.9466666666666667,0.03399346342395189,14,0.925,0.9166666666666666,0.975,0.9583333333333334,0.9416666666666667,0.9433333333333334,0.021343747458109495
70,0.0015976428985595703,0.0007966236282009332,0.0023917675018310545,0.0033142100951013315,0.8,1,"{'learning_rate': 0.8, 'n_estimators': 1}",0.6666666666666666,0.6666666666666666,0.6666666666666666,0.6666666666666666,0.6666666666666666,0.6666666666666666,0.0,82,0.6666666666666666,0.6666666666666666,0.6666666666666666,0.6666666666666666,0.6666666666666666,0.6666666666666666,0.0
71,0.025730705261230467,0.01448582965055579,0.0021939754486083986,0.00039920849601879496,0.8,11,"{'learning_rate': 0.8, 'n_estimators': 11}",0.9666666666666667,0.9666666666666667,0.9,0.9333333333333333,1.0,0.9533333333333334,0.03399346342395189,1,0.925,0.9583333333333334,0.975,0.9583333333333334,0.95,0.9533333333333334,0.01632993161855451
72,0.041289901733398436,0.01206049043389201,0.0029932498931884766,2.991559437057137e-06,0.8,21,"{'learning_rate': 0.8, 'n_estimators': 21}",0.9666666666666667,0.9666666666666667,0.9,0.9333333333333333,1.0,0.9533333333333334,0.03399346342395189,1,0.925,0.9583333333333334,0.975,0.9666666666666667,0.95,0.9550000000000001,0.01715938356831165
73,0.04847054481506348,0.0029990604107758747,0.00498666763305664,0.0006304495161417459,0.8,31,"{'learning_rate': 0.8, 'n_estimators': 31}",0.9666666666666667,0.9666666666666667,0.9,0.9333333333333333,1.0,0.9533333333333334,0.03399346342395189,1,0.925,0.9583333333333334,0.975,0.95,0.95,0.9516666666666668,0.016158932858054413
74,0.061635065078735354,0.0023089031169361294,0.006781721115112304,0.001715861629907519,0.8,41,"{'learning_rate': 0.8, 'n_estimators': 41}",0.9666666666666667,0.9333333333333333,0.9,0.9333333333333333,1.0,0.9466666666666667,0.03399346342395189,14,0.925,0.9166666666666666,0.975,0.95,0.95,0.9433333333333334,0.020682789409984755
75,0.07460050582885742,0.0018276687785440384,0.007579612731933594,0.0011971951148252334,0.8,51,"{'learning_rate': 0.8, 'n_estimators': 51}",0.9666666666666667,0.9333333333333333,0.9,0.9333333333333333,1.0,0.9466666666666667,0.03399346342395189,14,0.925,0.9166666666666666,0.975,0.95,0.9083333333333333,0.9349999999999999,0.02438123139721298
76,0.1162907600402832,0.02223666796811709,0.010569906234741211,0.002864070813038424,0.8,61,"{'learning_rate': 0.8, 'n_estimators': 61}",0.9666666666666667,0.9333333333333333,0.9,0.9333333333333333,1.0,0.9466666666666667,0.03399346342395189,14,0.925,0.9166666666666666,0.975,0.95,0.9083333333333333,0.9349999999999999,0.02438123139721298
77,0.10452027320861816,0.0027057680679628184,0.012167596817016601,0.002917813773567479,0.8,71,"{'learning_rate': 0.8, 'n_estimators': 71}",0.9666666666666667,0.9333333333333333,0.9,0.9333333333333333,1.0,0.9466666666666667,0.03399346342395189,14,0.925,0.9166666666666666,0.975,0.9666666666666667,0.9083333333333333,0.9383333333333335,0.027182510717166816
78,0.14580793380737306,0.039621160891731254,0.015358829498291015,0.004991352686127139,0.8,81,"{'learning_rate': 0.8, 'n_estimators': 81}",0.9666666666666667,0.9666666666666667,0.9,0.9333333333333333,1.0,0.9533333333333334,0.03399346342395189,1,0.925,0.9583333333333334,0.975,0.9583333333333334,0.9083333333333333,0.9450000000000001,0.02449489742783178
79,0.21961030960083008,0.059091401289544085,0.03071770668029785,0.020413424961796805,0.8,91,"{'learning_rate': 0.8, 'n_estimators': 91}",0.9666666666666667,0.9666666666666667,0.9,0.9333333333333333,1.0,0.9533333333333334,0.03399346342395189,1,0.925,0.9583333333333334,0.975,0.9583333333333334,0.95,0.9533333333333334,0.01632993161855451
80,0.00597834587097168,0.005680753974709845,0.0003981590270996094,0.0004876471664087429,0.9,1,"{'learning_rate': 0.9, 'n_estimators': 1}",0.6666666666666666,0.6666666666666666,0.6666666666666666,0.6666666666666666,0.6666666666666666,0.6666666666666666,0.0,82,0.6666666666666666,0.6666666666666666,0.6666666666666666,0.6666666666666666,0.6666666666666666,0.6666666666666666,0.0
81,0.025731229782104494,0.00298527780135511,0.001996135711669922,0.0006327893122990609,0.9,11,"{'learning_rate': 0.9, 'n_estimators': 11}",0.9666666666666667,0.9666666666666667,0.9,0.9,1.0,0.9466666666666667,0.03999999999999999,14,0.975,0.9583333333333334,0.975,0.95,0.95,0.9616666666666667,0.011303883305208786
82,0.054255008697509766,0.020160906453369994,0.003390932083129883,0.0004884026467765701,0.9,21,"{'learning_rate': 0.9, 'n_estimators': 21}",0.9666666666666667,0.9666666666666667,0.9333333333333333,0.8666666666666667,1.0,0.9466666666666667,0.04521553322083511,14,0.95,0.9583333333333334,0.9916666666666667,0.95,0.95,0.96,0.016158932858054458
83,0.06909313201904296,0.005594505220426345,0.007001304626464843,0.0022128001587963225,0.9,31,"{'learning_rate': 0.9, 'n_estimators': 31}",0.9666666666666667,0.9666666666666667,0.9,0.9,1.0,0.9466666666666667,0.03999999999999999,14,0.95,0.9583333333333334,0.975,0.95,0.95,0.9566666666666667,0.009718253158075512
84,0.04788088798522949,0.01728405479797084,0.004020500183105469,0.004924098292746361,0.9,41,"{'learning_rate': 0.9, 'n_estimators': 41}",0.9666666666666667,0.9666666666666667,0.9,0.9,1.0,0.9466666666666667,0.03999999999999999,14,0.95,0.9583333333333334,0.975,0.95,0.95,0.9566666666666667,0.009718253158075512
85,0.04949517250061035,0.0071683624903418385,0.00553598403930664,0.0058632558739476065,0.9,51,"{'learning_rate': 0.9, 'n_estimators': 51}",0.9666666666666667,0.9333333333333333,0.9333333333333333,0.9,1.0,0.9466666666666667,0.03399346342395189,14,0.95,0.9333333333333333,0.9916666666666667,0.95,0.9333333333333333,0.9516666666666668,0.0213437474581095
86,0.09526424407958985,0.035684310037854716,0.01223301887512207,0.002976106225116961,0.9,61,"{'learning_rate': 0.9, 'n_estimators': 61}",0.9666666666666667,0.9333333333333333,0.9,0.9,1.0,0.94,0.038873012632301994,58,0.95,0.9333333333333333,0.975,0.95,0.9333333333333333,0.9483333333333335,0.01527525231651945
87,0.10842514038085938,0.042703004519121776,0.011645078659057617,0.005874911623351498,0.9,71,"{'learning_rate': 0.9, 'n_estimators': 71}",0.9666666666666667,0.9333333333333333,0.9,0.8666666666666667,1.0,0.9333333333333333,0.047140452079103154,81,0.975,0.9166666666666666,0.975,0.9416666666666667,0.9416666666666667,0.95,0.0223606797749979
88,0.07973060607910157,0.0107356694104365,0.01264176368713379,0.0040723047993881396,0.9,81,"{'learning_rate': 0.9, 'n_estimators': 81}",0.9666666666666667,0.9333333333333333,0.9333333333333333,0.8666666666666667,1.0,0.94,0.044221663871405324,58,0.975,0.9166666666666666,0.9916666666666667,0.95,0.9083333333333333,0.9483333333333333,0.03223179934302287
89,0.08142924308776855,0.010619869150921689,0.009390163421630859,0.007667053040738167,0.9,91,"{'learning_rate': 0.9, 'n_estimators': 91}",0.9666666666666667,0.9666666666666667,0.9,0.9,1.0,0.9466666666666667,0.03999999999999999,14,0.95,0.9583333333333334,0.975,0.95,0.95,0.9566666666666667,0.009718253158075512
